Rd1,Rd2,S16,E8,FF,C,W
Duke,Duke,Duke,Duke,Duke,Duke,Duke
North Dakota State,,,,,,
VCU,VCU,,,,,
UCF,,,,,,
Mississippi State,Liberty,Liberty,,,,
Liberty,,,,,,
Virginia Tech,Virginia Tech,,,,,
St. Louis,,,,,,
Maryland,Maryland,Maryland,Michigan State,,,
Belmont,,,,,,
LSU,LSU,,,,,
Yale,,,,,,
Louisville,Louisville,Michigan State,,,,
Minnesota,,,,,,
Michigan State,Michigan State,,,,,
Bradley,,,,,,
Gonzaga,Gonzaga,Gonzaga,Murray State,Murray State,,
Fairleigh Dickinson,,,,,,
Syracuse,Syracuse,,,,,
Baylor,,,,,,
Marquette,Murray State,Murray State,,,,
Murray State,,,,,,
Florida State,Florida State,,,,,
Vermont,,,,,,
Buffalo,Buffalo,Buffalo,Michigan,,,
Arizona State,,,,,,
Texas Tech,Texas Tech,,,,,
Northern Kentucky,,,,,,
Nevada,Florida,Michigan,,,,
Florida,,,,,,
Michigan,Michigan,,,,,
Montana,,,,,,
Virginia,Virginia,Virginia,Virginia,Virginia,Houston,
Gardner-Webb,,,,,,
Ole Miss,Oklahoma,,,,,
Oklahoma,,,,,,
Wisconsin,Wisconsin,Wisconsin,,,,
Oregon,,,,,,
Kansas State,Kansas State,,,,,
UC Irvine,,,,,,
Villanova,St. Mary's,Purdue,Tennessee,,,
St. Mary's,,,,,,
Purdue,Purdue,,,,,
Old Dominion,,,,,,
Cincinnati,Cincinnati,Tennessee,,,,
Iowa,,,,,,
Tennessee,Tennessee,,,,,
Colgate,,,,,,
North Carolina,North Carolina,North Carolina,Kansas,Houston,,
Iona,,,,,,
Utah State,Washington,,,,,
Washington,,,,,,
Auburn,Auburn,Kansas,,,,
New Mexico State,,,,,,
Kansas,Kansas,,,,,
Northeastern,,,,,,
Iowa State,Iowa State,Houston,Houston,,,
Ohio State,,,,,,
Houston,Houston,,,,,
Georgia State,,,,,,
Wofford,Wofford,Wofford,,,,
Seton Hall,,,,,,
Kentucky,Kentucky,,,,,
Abilene Christian,,,,,,
