Rd1,Rd2,S16,E8,FF,C,W
Duke,Duke,Duke,Duke,Duke,Duke,Virginia
North Dakota State,,,,,,
VCU,UCF,,,,,
UCF,,,,,,
Mississippi State,Mississippi State,Virginia Tech,,,,
Liberty,,,,,,
Virginia Tech,Virginia Tech,,,,,
St. Louis,,,,,,
Maryland,Maryland,Maryland,Louisville,,,
Belmont,,,,,,
LSU,LSU,,,,,
Yale,,,,,,
Louisville,Louisville,Louisville,,,,
Minnesota,,,,,,
Michigan State,Michigan State,,,,,
Bradley,,,,,,
Gonzaga,Gonzaga,Gonzaga,Gonzaga,Gonzaga,,
Fairleigh Dickinson,,,,,,
Syracuse,Baylor,,,,,
Baylor,,,,,,
Marquette,Murray State,Florida State,,,,
Murray State,,,,,,
Florida State,Florida State,,,,,
Vermont,,,,,,
Buffalo,Arizona State,Texas Tech,Texas Tech,,,
Arizona State,,,,,,
Texas Tech,Texas Tech,,,,,
Northern Kentucky,,,,,,
Nevada,Florida,Florida,,,,
Florida,,,,,,
Michigan,Michigan,,,,,
Montana,,,,,,
Virginia,Virginia,Virginia,Virginia,Virginia,Virginia,
Gardner-Webb,,,,,,
Ole Miss,Ole Miss,,,,,
Oklahoma,,,,,,
Wisconsin,Wisconsin,Wisconsin,,,,
Oregon,,,,,,
Kansas State,UC Irvine,,,,,
UC Irvine,,,,,,
Villanova,Villanova,Purdue,Purdue,,,
St. Mary's,,,,,,
Purdue,Purdue,,,,,
Old Dominion,,,,,,
Cincinnati,Cincinnati,Tennessee,,,,
Iowa,,,,,,
Tennessee,Tennessee,,,,,
Colgate,,,,,,
North Carolina,North Carolina,Utah State,Utah State,Iowa State,,
Iona,,,,,,
Utah State,Utah State,,,,,
Washington,,,,,,
Auburn,Auburn,Auburn,,,,
New Mexico State,,,,,,
Kansas,Kansas,,,,,
Northeastern,,,,,,
Iowa State,Iowa State,Iowa State,Iowa State,,,
Ohio State,,,,,,
Houston,Georgia State,,,,,
Georgia State,,,,,,
Wofford,Seton Hall,Seton Hall,,,,
Seton Hall,,,,,,
Kentucky,Kentucky,,,,,
Abilene Christian,,,,,,
