Rd1,Rd2,S16,E8,FF,C,W
Duke,Duke,Duke,Duke,Michigan State,Michigan,Michigan
North Dakota State,,,,,,
VCU,VCU,,,,,
UCF,,,,,,
Mississippi State,Mississippi State,Virginia Tech,,,,
Liberty,,,,,,
Virginia Tech,Virginia Tech,,,,,
St. Louis,,,,,,
Maryland,Maryland,Maryland,Michigan State,,,
Belmont,,,,,,
LSU,LSU,,,,,
Yale,,,,,,
Louisville,Minnesota,Michigan State,,,,
Minnesota,,,,,,
Michigan State,Michigan State,,,,,
Bradley,,,,,,
Gonzaga,Gonzaga,Gonzaga,Gonzaga,Michigan,,
Fairleigh Dickinson,,,,,,
Syracuse,Baylor,,,,,
Baylor,,,,,,
Marquette,Murray State,Murray State,,,,
Murray State,,,,,,
Florida State,Florida State,,,,,
Vermont,,,,,,
Buffalo,Arizona State,Texas Tech,Michigan,,,
Arizona State,,,,,,
Texas Tech,Texas Tech,,,,,
Northern Kentucky,,,,,,
Nevada,Nevada,Michigan,,,,
Florida,,,,,,
Michigan,Michigan,,,,,
Montana,,,,,,
Virginia,Virginia,Virginia,Virginia,Virginia,Virginia,
Gardner-Webb,,,,,,
Ole Miss,Oklahoma,,,,,
Oklahoma,,,,,,
Wisconsin,Wisconsin,Wisconsin,,,,
Oregon,,,,,,
Kansas State,UC Irvine,,,,,
UC Irvine,,,,,,
Villanova,Villanova,Villanova,Villanova,,,
St. Mary's,,,,,,
Purdue,Purdue,,,,,
Old Dominion,,,,,,
Cincinnati,Iowa,Tennessee,,,,
Iowa,,,,,,
Tennessee,Tennessee,,,,,
Colgate,,,,,,
North Carolina,North Carolina,North Carolina,North Carolina,Iowa State,,
Iona,,,,,,
Utah State,Utah State,,,,,
Washington,,,,,,
Auburn,Auburn,Auburn,,,,
New Mexico State,,,,,,
Kansas,Kansas,,,,,
Northeastern,,,,,,
Iowa State,Iowa State,Iowa State,Iowa State,,,
Ohio State,,,,,,
Houston,Houston,,,,,
Georgia State,,,,,,
Wofford,Wofford,Wofford,,,,
Seton Hall,,,,,,
Kentucky,Kentucky,,,,,
Abilene Christian,,,,,,
