Rd1,Rd2,S16,E8,FF,C,W
Duke,Duke,UCF,Mississippi State,Michigan State,Michigan State,Michigan State
North Dakota State,,,,,,
VCU,UCF,,,,,
UCF,,,,,,
Mississippi State,Mississippi State,Mississippi State,,,,
Liberty,,,,,,
Virginia Tech,Virginia Tech,,,,,
St. Louis,,,,,,
Maryland,Belmont,Belmont,Michigan State,,,
Belmont,,,,,,
LSU,LSU,,,,,
Yale,,,,,,
Louisville,Louisville,Michigan State,,,,
Minnesota,,,,,,
Michigan State,Michigan State,,,,,
Bradley,,,,,,
Gonzaga,Gonzaga,Gonzaga,Gonzaga,Michigan,,
Fairleigh Dickinson,,,,,,
Syracuse,Syracuse,,,,,
Baylor,,,,,,
Marquette,Murray State,Murray State,,,,
Murray State,,,,,,
Florida State,Florida State,,,,,
Vermont,,,,,,
Buffalo,Arizona State,Texas Tech,Michigan,,,
Arizona State,,,,,,
Texas Tech,Texas Tech,,,,,
Northern Kentucky,,,,,,
Nevada,Florida,Michigan,,,,
Florida,,,,,,
Michigan,Michigan,,,,,
Montana,,,,,,
Virginia,Virginia,Virginia,Virginia,Virginia,North Carolina,
Gardner-Webb,,,,,,
Ole Miss,Ole Miss,,,,,
Oklahoma,,,,,,
Wisconsin,Wisconsin,Wisconsin,,,,
Oregon,,,,,,
Kansas State,Kansas State,,,,,
UC Irvine,,,,,,
Villanova,Villanova,Purdue,Tennessee,,,
St. Mary's,,,,,,
Purdue,Purdue,,,,,
Old Dominion,,,,,,
Cincinnati,Cincinnati,Tennessee,,,,
Iowa,,,,,,
Tennessee,Tennessee,,,,,
Colgate,,,,,,
North Carolina,North Carolina,North Carolina,North Carolina,North Carolina,,
Iona,,,,,,
Utah State,Washington,,,,,
Washington,,,,,,
Auburn,Auburn,Auburn,,,,
New Mexico State,,,,,,
Kansas,Kansas,,,,,
Northeastern,,,,,,
Iowa State,Ohio State,Houston,Kentucky,,,
Ohio State,,,,,,
Houston,Houston,,,,,
Georgia State,,,,,,
Wofford,Seton Hall,Kentucky,,,,
Seton Hall,,,,,,
Kentucky,Kentucky,,,,,
Abilene Christian,,,,,,
