Rd1,Rd2,S16,E8,FF,C,W
Duke,Duke,Duke,Duke,LSU,Texas Tech,Virginia
North Dakota State,,,,,,
VCU,VCU,,,,,
UCF,,,,,,
Mississippi State,Mississippi State,Mississippi State,,,,
Liberty,,,,,,
Virginia Tech,Virginia Tech,,,,,
St. Louis,,,,,,
Maryland,Belmont,LSU,LSU,,,
Belmont,,,,,,
LSU,LSU,,,,,
Yale,,,,,,
Louisville,Louisville,Louisville,,,,
Minnesota,,,,,,
Michigan State,Michigan State,,,,,
Bradley,,,,,,
Gonzaga,Gonzaga,Gonzaga,Marquette,Texas Tech,,
Fairleigh Dickinson,,,,,,
Syracuse,Syracuse,,,,,
Baylor,,,,,,
Marquette,Marquette,Marquette,,,,
Murray State,,,,,,
Florida State,Florida State,,,,,
Vermont,,,,,,
Buffalo,Buffalo,Texas Tech,Texas Tech,,,
Arizona State,,,,,,
Texas Tech,Texas Tech,,,,,
Northern Kentucky,,,,,,
Nevada,Florida,Michigan,,,,
Florida,,,,,,
Michigan,Michigan,,,,,
Montana,,,,,,
Virginia,Virginia,Virginia,Virginia,Virginia,Virginia,
Gardner-Webb,,,,,,
Ole Miss,Ole Miss,,,,,
Oklahoma,,,,,,
Wisconsin,Wisconsin,Wisconsin,,,,
Oregon,,,,,,
Kansas State,UC Irvine,,,,,
UC Irvine,,,,,,
Villanova,Villanova,Purdue,Tennessee,,,
St. Mary's,,,,,,
Purdue,Purdue,,,,,
Old Dominion,,,,,,
Cincinnati,Cincinnati,Tennessee,,,,
Iowa,,,,,,
Tennessee,Tennessee,,,,,
Colgate,,,,,,
North Carolina,North Carolina,North Carolina,North Carolina,Kentucky,,
Iona,,,,,,
Utah State,Utah State,,,,,
Washington,,,,,,
Auburn,Auburn,Auburn,,,,
New Mexico State,,,,,,
Kansas,Kansas,,,,,
Northeastern,,,,,,
Iowa State,Iowa State,Houston,Kentucky,,,
Ohio State,,,,,,
Houston,Houston,,,,,
Georgia State,,,,,,
Wofford,Wofford,Kentucky,,,,
Seton Hall,,,,,,
Kentucky,Kentucky,,,,,
Abilene Christian,,,,,,
