Rd1,Rd2,S16,E8,FF,C,W
Duke,Duke,Duke,Mississippi State,Mississippi State,Mississippi State,Virginia
North Dakota State,,,,,,
VCU,UCF,,,,,
UCF,,,,,,
Mississippi State,Mississippi State,Mississippi State,,,,
Liberty,,,,,,
Virginia Tech,Virginia Tech,,,,,
St. Louis,,,,,,
Maryland,Belmont,LSU,Minnesota,,,
Belmont,,,,,,
LSU,LSU,,,,,
Yale,,,,,,
Louisville,Minnesota,Minnesota,,,,
Minnesota,,,,,,
Michigan State,Bradley,,,,,
Bradley,,,,,,
Gonzaga,Gonzaga,Gonzaga,Gonzaga,Gonzaga,,
Fairleigh Dickinson,,,,,,
Syracuse,Baylor,,,,,
Baylor,,,,,,
Marquette,Marquette,Marquette,,,,
Murray State,,,,,,
Florida State,Florida State,,,,,
Vermont,,,,,,
Buffalo,Arizona State,Texas Tech,Michigan,,,
Arizona State,,,,,,
Texas Tech,Texas Tech,,,,,
Northern Kentucky,,,,,,
Nevada,Nevada,Michigan,,,,
Florida,,,,,,
Michigan,Michigan,,,,,
Montana,,,,,,
Virginia,Virginia,Virginia,Virginia,Virginia,Virginia,
Gardner-Webb,,,,,,
Ole Miss,Ole Miss,,,,,
Oklahoma,,,,,,
Wisconsin,Oregon,Oregon,,,,
Oregon,,,,,,
Kansas State,Kansas State,,,,,
UC Irvine,,,,,,
Villanova,St. Mary's,St. Mary's,Tennessee,,,
St. Mary's,,,,,,
Purdue,Purdue,,,,,
Old Dominion,,,,,,
Cincinnati,Cincinnati,Tennessee,,,,
Iowa,,,,,,
Tennessee,Tennessee,,,,,
Colgate,,,,,,
North Carolina,North Carolina,North Carolina,Kansas,Houston,,
Iona,,,,,,
Utah State,Washington,,,,,
Washington,,,,,,
Auburn,Auburn,Kansas,,,,
New Mexico State,,,,,,
Kansas,Kansas,,,,,
Northeastern,,,,,,
Iowa State,Iowa State,Houston,Houston,,,
Ohio State,,,,,,
Houston,Houston,,,,,
Georgia State,,,,,,
Wofford,Wofford,Wofford,,,,
Seton Hall,,,,,,
Kentucky,Kentucky,,,,,
Abilene Christian,,,,,,
