Rd1,Rd2,S16,E8,FF,C,W
Duke,Duke,Duke,Duke,Duke,Duke,Duke
North Dakota State,,,,,,
VCU,UCF,,,,,
UCF,,,,,,
Mississippi State,Mississippi State,Virginia Tech,,,,
Liberty,,,,,,
Virginia Tech,Virginia Tech,,,,,
St. Louis,,,,,,
Maryland,Maryland,Maryland,Louisville,,,
Belmont,,,,,,
LSU,LSU,,,,,
Yale,,,,,,
Louisville,Louisville,Louisville,,,,
Minnesota,,,,,,
Michigan State,Michigan State,,,,,
Bradley,,,,,,
Gonzaga,Gonzaga,Gonzaga,Florida State,Florida State,,
Fairleigh Dickinson,,,,,,
Syracuse,Syracuse,,,,,
Baylor,,,,,,
Marquette,Marquette,Florida State,,,,
Murray State,,,,,,
Florida State,Florida State,,,,,
Vermont,,,,,,
Buffalo,Arizona State,Texas Tech,Texas Tech,,,
Arizona State,,,,,,
Texas Tech,Texas Tech,,,,,
Northern Kentucky,,,,,,
Nevada,Nevada,Michigan,,,,
Florida,,,,,,
Michigan,Michigan,,,,,
Montana,,,,,,
Virginia,Virginia,Virginia,Virginia,Virginia,Virginia,
Gardner-Webb,,,,,,
Ole Miss,Oklahoma,,,,,
Oklahoma,,,,,,
Wisconsin,Wisconsin,Kansas State,,,,
Oregon,,,,,,
Kansas State,Kansas State,,,,,
UC Irvine,,,,,,
Villanova,St. Mary's,Purdue,Tennessee,,,
St. Mary's,,,,,,
Purdue,Purdue,,,,,
Old Dominion,,,,,,
Cincinnati,Cincinnati,Tennessee,,,,
Iowa,,,,,,
Tennessee,Tennessee,,,,,
Colgate,,,,,,
North Carolina,North Carolina,North Carolina,Auburn,Auburn,,
Iona,,,,,,
Utah State,Utah State,,,,,
Washington,,,,,,
Auburn,Auburn,Auburn,,,,
New Mexico State,,,,,,
Kansas,Kansas,,,,,
Northeastern,,,,,,
Iowa State,Iowa State,Houston,Houston,,,
Ohio State,,,,,,
Houston,Houston,,,,,
Georgia State,,,,,,
Wofford,Wofford,Kentucky,,,,
Seton Hall,,,,,,
Kentucky,Kentucky,,,,,
Abilene Christian,,,,,,
