Rd1,Rd2,S16,E8,FF,C,W
Duke,Duke,Duke,Duke,Duke,Florida State,Florida State
North Dakota State,,,,,,
VCU,UCF,,,,,
UCF,,,,,,
Mississippi State,Mississippi State,Mississippi State,,,,
Liberty,,,,,,
Virginia Tech,St. Louis,,,,,
St. Louis,,,,,,
Maryland,Maryland,Maryland,Michigan State,,,
Belmont,,,,,,
LSU,LSU,,,,,
Yale,,,,,,
Louisville,Louisville,Michigan State,,,,
Minnesota,,,,,,
Michigan State,Michigan State,,,,,
Bradley,,,,,,
Gonzaga,Gonzaga,Gonzaga,Florida State,Florida State,,
Fairleigh Dickinson,,,,,,
Syracuse,Baylor,,,,,
Baylor,,,,,,
Marquette,Marquette,Florida State,,,,
Murray State,,,,,,
Florida State,Florida State,,,,,
Vermont,,,,,,
Buffalo,Arizona State,Texas Tech,Michigan,,,
Arizona State,,,,,,
Texas Tech,Texas Tech,,,,,
Northern Kentucky,,,,,,
Nevada,Florida,Michigan,,,,
Florida,,,,,,
Michigan,Michigan,,,,,
Montana,,,,,,
Virginia,Virginia,Virginia,Virginia,Virginia,North Carolina,
Gardner-Webb,,,,,,
Ole Miss,Oklahoma,,,,,
Oklahoma,,,,,,
Wisconsin,Wisconsin,Kansas State,,,,
Oregon,,,,,,
Kansas State,Kansas State,,,,,
UC Irvine,,,,,,
Villanova,Villanova,Purdue,Tennessee,,,
St. Mary's,,,,,,
Purdue,Purdue,,,,,
Old Dominion,,,,,,
Cincinnati,Cincinnati,Tennessee,,,,
Iowa,,,,,,
Tennessee,Tennessee,,,,,
Colgate,,,,,,
North Carolina,North Carolina,North Carolina,North Carolina,North Carolina,,
Iona,,,,,,
Utah State,Utah State,,,,,
Washington,,,,,,
Auburn,Auburn,Kansas,,,,
New Mexico State,,,,,,
Kansas,Kansas,,,,,
Northeastern,,,,,,
Iowa State,Iowa State,Houston,Houston,,,
Ohio State,,,,,,
Houston,Houston,,,,,
Georgia State,,,,,,
Wofford,Wofford,Kentucky,,,,
Seton Hall,,,,,,
Kentucky,Kentucky,,,,,
Abilene Christian,,,,,,
