Rd1,Rd2,S16,E8,FF,C,W
Duke,Duke,Duke,Duke,Louisville,Texas Tech,Texas Tech
North Dakota State,,,,,,
VCU,UCF,,,,,
UCF,,,,,,
Mississippi State,Liberty,Virginia Tech,,,,
Liberty,,,,,,
Virginia Tech,Virginia Tech,,,,,
St. Louis,,,,,,
Maryland,Belmont,LSU,Louisville,,,
Belmont,,,,,,
LSU,LSU,,,,,
Yale,,,,,,
Louisville,Louisville,Louisville,,,,
Minnesota,,,,,,
Michigan State,Michigan State,,,,,
Bradley,,,,,,
Gonzaga,Gonzaga,Gonzaga,Florida State,Texas Tech,,
Fairleigh Dickinson,,,,,,
Syracuse,Baylor,,,,,
Baylor,,,,,,
Marquette,Murray State,Florida State,,,,
Murray State,,,,,,
Florida State,Florida State,,,,,
Vermont,,,,,,
Buffalo,Arizona State,Texas Tech,Texas Tech,,,
Arizona State,,,,,,
Texas Tech,Texas Tech,,,,,
Northern Kentucky,,,,,,
Nevada,Nevada,Michigan,,,,
Florida,,,,,,
Michigan,Michigan,,,,,
Montana,,,,,,
Virginia,Virginia,Virginia,Virginia,Virginia,North Carolina,
Gardner-Webb,,,,,,
Ole Miss,Ole Miss,,,,,
Oklahoma,,,,,,
Wisconsin,Wisconsin,Wisconsin,,,,
Oregon,,,,,,
Kansas State,UC Irvine,,,,,
UC Irvine,,,,,,
Villanova,Villanova,Purdue,Tennessee,,,
St. Mary's,,,,,,
Purdue,Purdue,,,,,
Old Dominion,,,,,,
Cincinnati,Cincinnati,Tennessee,,,,
Iowa,,,,,,
Tennessee,Tennessee,,,,,
Colgate,,,,,,
North Carolina,North Carolina,North Carolina,North Carolina,North Carolina,,
Iona,,,,,,
Utah State,Utah State,,,,,
Washington,,,,,,
Auburn,Auburn,Auburn,,,,
New Mexico State,,,,,,
Kansas,Kansas,,,,,
Northeastern,,,,,,
Iowa State,Iowa State,Houston,Houston,,,
Ohio State,,,,,,
Houston,Houston,,,,,
Georgia State,,,,,,
Wofford,Seton Hall,Kentucky,,,,
Seton Hall,,,,,,
Kentucky,Kentucky,,,,,
Abilene Christian,,,,,,
