Rd1,Rd2,S16,E8,FF,C,W
Duke,Duke,Duke,Duke,Duke,Duke,Duke
North Dakota State,,,,,,
VCU,VCU,,,,,
UCF,,,,,,
Mississippi State,Mississippi State,Mississippi State,,,,
Liberty,,,,,,
Virginia Tech,Virginia Tech,,,,,
St. Louis,,,,,,
Maryland,Belmont,LSU,Michigan State,,,
Belmont,,,,,,
LSU,LSU,,,,,
Yale,,,,,,
Louisville,Minnesota,Michigan State,,,,
Minnesota,,,,,,
Michigan State,Michigan State,,,,,
Bradley,,,,,,
Gonzaga,Gonzaga,Gonzaga,Florida State,Florida State,,
Fairleigh Dickinson,,,,,,
Syracuse,Syracuse,,,,,
Baylor,,,,,,
Marquette,Marquette,Florida State,,,,
Murray State,,,,,,
Florida State,Florida State,,,,,
Vermont,,,,,,
Buffalo,Buffalo,Texas Tech,Texas Tech,,,
Arizona State,,,,,,
Texas Tech,Texas Tech,,,,,
Northern Kentucky,,,,,,
Nevada,Nevada,Michigan,,,,
Florida,,,,,,
Michigan,Michigan,,,,,
Montana,,,,,,
Virginia,Virginia,Virginia,Virginia,Tennessee,Iowa State,
Gardner-Webb,,,,,,
Ole Miss,Ole Miss,,,,,
Oklahoma,,,,,,
Wisconsin,Oregon,Oregon,,,,
Oregon,,,,,,
Kansas State,UC Irvine,,,,,
UC Irvine,,,,,,
Villanova,Villanova,Purdue,Tennessee,,,
St. Mary's,,,,,,
Purdue,Purdue,,,,,
Old Dominion,,,,,,
Cincinnati,Cincinnati,Tennessee,,,,
Iowa,,,,,,
Tennessee,Tennessee,,,,,
Colgate,,,,,,
North Carolina,North Carolina,North Carolina,Kansas,Iowa State,,
Iona,,,,,,
Utah State,Washington,,,,,
Washington,,,,,,
Auburn,Auburn,Kansas,,,,
New Mexico State,,,,,,
Kansas,Kansas,,,,,
Northeastern,,,,,,
Iowa State,Iowa State,Iowa State,Iowa State,,,
Ohio State,,,,,,
Houston,Houston,,,,,
Georgia State,,,,,,
Wofford,Wofford,Wofford,,,,
Seton Hall,,,,,,
Kentucky,Kentucky,,,,,
Abilene Christian,,,,,,
